{
  "project_info": {
    "project_number": "135929240552",
    "firebase_url": "https://demoesp8266-548bf-default-rtdb.firebaseio.com",
    "project_id": "demoesp8266-548bf",
    "storage_bucket": "demoesp8266-548bf.appspot.com"
  },
  "client": [
    {
      "client_info": {
        "mobilesdk_app_id": "1:135929240552:android:0e6f3195c6c7d53919225d",
        "android_client_info": {
          "package_name": "com.hazra.bottom_navigation"
        }
      },
      "oauth_client": [
        {
          "client_id": "135929240552-3p6p24drkr37vri5l1l10oi2lphjfrdk.apps.googleusercontent.com",
          "client_type": 3
        }
      ],
      "api_key": [
        {
          "current_key": "AIzaSyAI0YJH6sYgEjkxDLqt5jAfFacEKkjKJzk"
        }
      ],
      "services": {
        "appinvite_service": {
          "other_platform_oauth_client": [
            {
              "client_id": "135929240552-3p6p24drkr37vri5l1l10oi2lphjfrdk.apps.googleusercontent.com",
              "client_type": 3
            }
          ]
        }
      }
    },
    {
      "client_info": {
        "mobilesdk_app_id": "1:135929240552:android:4ed583cacddf338a19225d",
        "android_client_info": {
          "package_name": "com.hazra.demosensortest"
        }
      },
      "oauth_client": [
        {
          "client_id": "135929240552-3p6p24drkr37vri5l1l10oi2lphjfrdk.apps.googleusercontent.com",
          "client_type": 3
        }
      ],
      "api_key": [
        {
          "current_key": "AIzaSyAI0YJH6sYgEjkxDLqt5jAfFacEKkjKJzk"
        }
      ],
      "services": {
        "appinvite_service": {
          "other_platform_oauth_client": [
            {
              "client_id": "135929240552-3p6p24drkr37vri5l1l10oi2lphjfrdk.apps.googleusercontent.com",
              "client_type": 3
            }
          ]
        }
      }
    },
    {
      "client_info": {
        "mobilesdk_app_id": "1:135929240552:android:4df0c46d849d683b19225d",
        "android_client_info": {
          "package_name": "com.hazra.fragments"
        }
      },
      "oauth_client": [
        {
          "client_id": "135929240552-3p6p24drkr37vri5l1l10oi2lphjfrdk.apps.googleusercontent.com",
          "client_type": 3
        }
      ],
      "api_key": [
        {
          "current_key": "AIzaSyAI0YJH6sYgEjkxDLqt5jAfFacEKkjKJzk"
        }
      ],
      "services": {
        "appinvite_service": {
          "other_platform_oauth_client": [
            {
              "client_id": "135929240552-3p6p24drkr37vri5l1l10oi2lphjfrdk.apps.googleusercontent.com",
              "client_type": 3
            }
          ]
        }
      }
    }
  ],
  "configuration_version": "1"
}